Workbook

Sheet Fuse Database
A1: Fuse Database
A2: 115 parts · cleaned & consolidated from fuses.csv · sorted by current rating, then AC voltage
A4: Mfr Part # | B4: Manufacturer | C4: Series | D4: Description | E4: Fuse Type | F4: Mounting Type | G4: Response Time | H4: Current Rating (A) | I4: Voltage AC (V) | J4: Voltage DC (V) | K4: Breaking Cap. AC (A) | L4: Breaking Cap. DC (A) | M4: Breaking Capacity (raw) | N4: Melting I²t (A²s) | O4: Approval Agency | P4: Operating Temperature | Q4: Package / Case | R4: Size / Dimension | S4: Color | T4: Datasheet | U4: Source File | V4: QC Flag
A5: 0208005.MXEP | B5: Littelfuse Inc. | C5: 208 | D5: FUSE GLASS 5A 350VAC 2AG | E5: Cartridge, Glass | F5: Through Hole | G5: Fast Blow | H5: 5 | I5: 350 | K5: 100 | L5: 100 | M5: 100A | N5: 17 | O5: CE, cURus, PSE | P5: -55°C ~ 125°C | Q5: 2AG, 5mm x 15mm (Axial) | R5: 0.185" Dia x 0.570" L (4.70mm x 14.48mm) | S5: — | T5: Link | U5: fuses.csv | V5: OK
A6: SMG-V5 | B6: Mersen USA Newburyport-MA L.L.C. | C6: SMG | D6: 350V 5A .217X.59 2AG FA-L | E6: Cartridge, Glass | F6: Through Hole | G6: Fast Blow | H6: 5 | I6: 350 | K6: 100 | L6: 100 | M6: 100A | O6: CSA, UR | P6: — | Q6: 2AG, 5mm x 15mm (Axial) | R6: 0.244" Dia x 0.709" L (6.20mm x 18.00mm) | S6: — | T6: Link | U6: fuses.csv | V6: OK
A7: 0514005.MXEP | B7: Littelfuse Inc. | C7: 514 | D7: FUSE CERAMIC 5A 500VAC 3AB 3AG | E7: Cartridge, Ceramic | F7: Through Hole | G7: Fast Blow | H7: 5 | I7: 500 | K7: 5000 | L7: 5000 | M7: 5kA | N7: 6.14 | O7: CE, cURus | P7: -55°C ~ 125°C | Q7: 3AB, 3AG, 1/4" x 1-1/4" (Axial) | R7: 0.275" Dia x 1.288" L (6.99mm x 32.72mm) | S7: — | T7: Link | U7: fuses.csv | V7: OK
A8: 8020.5075.PT | B8: SCHURTER Inc. | C8: SHF 6.3x32 | D8: FUSE CERAMIC 5A 500VAC 3AB 3AG | E8: Cartridge, Ceramic | F8: Through Hole | G8: Fast Blow | H8: 5 | I8: 500 | K8: 1500 | L8: 1500 | M8: 1.5kA | N8: 33.2 | O8: cURus | P8: -40°C ~ 85°C | Q8: 3AB, 3AG, 1/4" x 1-1/4" (Axial) | R8: 0.270" Dia x 1.291" L (6.85mm x 32.80mm) | S8: — | T8: Link | U8: fuses.csv | V8: OK
A9: 0479005.MXEP | B9: Littelfuse Inc. | C9: 479 | D9: FUSE GLASS 5A 600VAC 2AG | E9: Cartridge, Glass | F9: Through Hole | G9: Fast Blow | H9: 5 | I9: 600 | K9: 20 | L9: 20 | M9: 20A | O9: CE, UL | P9: — | Q9: 2AG, 5mm x 15mm (Axial) | R9: 0.184" Dia x 0.586" L (4.67mm x 14.88mm) | S9: — | T9: Link | U9: fuses.csv | V9: OK
A10: 0ADAP5000-RE | B10: Bel Fuse Inc. | C10: 0ADAP | D10: FUSE CERM 5A 600VAC 600VDC 3AB | E10: Cartridge, Ceramic | F10: Through Hole | G10: Fast Blow | H10: 5 | I10: 600 | J10: 600 | K10: 10000 | L10: 10000 | M10: 10kA | N10: 26.5 | O10: cURus | P10: -55°C ~ 125°C | Q10: 3AB, 3AG, 1/4" x 1-1/4" (Axial) | R10: 0.266" Dia x 1.292" H (6.76mm x 32.82mm) | S10: — | T10: Link | U10: fuses.csv | V10: OK
A11: AHC-V-5-R | B11: Eaton - Electronics Division | C11: AHC | D11: FUSE CERAMIC 5A 600VAC 3AB 3AG | E11: Cartridge, Ceramic | F11: Through Hole | G11: Fast Blow | H11: 5 | I11: 600 | K11: 10000 | L11: 10000 | M11: 10kA | N11: 10 | O11: UL | P11: -55°C ~ 125°C | Q11: 3AB, 3AG, 1/4" x 1-1/4" (Axial) | R11: 0.275" Dia x 1.288" L (6.99mm x 32.72mm) | S11: — | T11: Link | U11: fuses.csv | V11: OK
A12: BK-AHC-V-5-R | B12: Eaton - Electronics Division | C12: AHC | D12: FUSE CERAMIC 5A 600VAC 3AB 3AG | E12: Cartridge, Ceramic | F12: Through Hole | G12: Fast Blow | H12: 5 | I12: 600 | K12: 10000 | L12: 10000 | M12: 10kA | N12: 10 | O12: UL | P12: -55°C ~ 125°C | Q12: 3AB, 3AG, 1/4" x 1-1/4" (Axial) | R12: 0.275" Dia x 1.288" L (6.99mm x 32.72mm) | S12: — | T12: Link | U12: fuses.csv | V12: OK
A13: BK-AHC-V2-5-R | B13: Eaton - Electronics Division | C13: AHC | D13: FUSE CERAMIC 5A 600VAC 3AB 3AG | E13: Cartridge, Ceramic | F13: Through Hole | G13: Fast Blow | H13: 5 | I13: 600 | K13: 10000 | L13: 10000 | M13: 10kA | N13: 10 | O13: UL | P13: -55°C ~ 125°C | Q13: 3AB, 3AG, 1/4" x 1-1/4" (Axial) | R13: 0.275" Dia x 1.288" L (6.99mm x 32.72mm) | S13: — | T13: Link | U13: fuses.csv | V13: OK
A14: TR-AHC-V-5-R | B14: Eaton - Electronics Division | C14: AHC | D14: FUSE CERAMIC 5A 600VAC 3AB 3AG | E14: Cartridge, Ceramic | F14: Through Hole | G14: Fast Blow | H14: 5 | I14: 600 | K14: 10000 | L14: 10000 | M14: 10kA | N14: 10 | O14: UL | P14: -55°C ~ 125°C | Q14: 3AB, 3AG, 1/4" x 1-1/4" (Axial) | R14: 0.275" Dia x 1.288" L (6.99mm x 32.72mm) | S14: — | T14: Link | U14: fuses.csv | V14: OK
A15: 0208006.MXEP | B15: Littelfuse Inc. | C15: 208 | D15: FUSE GLASS 6A 350VAC 2AG | E15: Cartridge, Glass | F15: Through Hole | G15: Fast Blow | H15: 6 | I15: 350 | K15: 100 | L15: 100 | M15: 100A | N15: 22.1 | O15: CE, cURus, PSE | P15: -55°C ~ 125°C | Q15: 2AG, 5mm x 15mm (Axial) | R15: 0.185" Dia x 0.570" L (4.70mm x 14.48mm) | S15: — | T15: Link | U15: fuses.csv | V15: OK
A16: SMG-V6 | B16: Mersen USA Newburyport-MA L.L.C. | C16: SMG | D16: 350V 6A .217X.59 2AG FA-L | E16: Cartridge, Glass | F16: Through Hole | G16: Fast Blow | H16: 6 | I16: 350 | K16: 100 | L16: 100 | M16: 100A | O16: CSA, UR | P16: — | Q16: 2AG, 5mm x 15mm (Axial) | R16: 0.244" Dia x 0.709" L (6.20mm x 18.00mm) | S16: — | T16: Link | U16: fuses.csv | V16: OK
A17: 0ADAP6000-RE | B17: Bel Fuse Inc. | C17: 0ADAP | D17: FUSE CERM 6A 600VAC 600VDC 3AB | E17: Cartridge, Ceramic | F17: Through Hole | G17: Fast Blow | H17: 6 | I17: 600 | J17: 600 | K17: 10000 | L17: 10000 | M17: 10kA | N17: 41.76 | O17: cURus | P17: -55°C ~ 125°C | Q17: 3AB, 3AG, 1/4" x 1-1/4" (Axial) | R17: 0.266" Dia x 1.292" H (6.76mm x 32.82mm) | S17: — | T17: Link | U17: fuses.csv | V17: OK
A18: AHC-V-6-R | B18: Eaton - Electronics Division | C18: AHC | D18: FUSE CERAMIC 6A 600VAC 3AB 3AG | E18: Cartridge, Ceramic | F18: Through Hole | G18: Fast Blow | H18: 6 | I18: 600 | K18: 10000 | L18: 10000 | M18: 10kA | N18: 24 | O18: UL | P18: -55°C ~ 125°C | Q18: 3AB, 3AG, 1/4" x 1-1/4" (Axial) | R18: 0.275" Dia x 1.288" L (6.99mm x 32.72mm) | S18: — | T18: Link | U18: fuses.csv | V18: OK
A19: BK-AHC-V-6-R | B19: Eaton - Electronics Division | C19: AHC | D19: FUSE CERAMIC 6A 600VAC 3AB 3AG | E19: Cartridge, Ceramic | F19: Through Hole | G19: Fast Blow | H19: 6 | I19: 600 | K19: 10000 | L19: 10000 | M19: 10kA | N19: 24 | O19: UL | P19: -55°C ~ 125°C | Q19: 3AB, 3AG, 1/4" x 1-1/4" (Axial) | R19: 0.275" Dia x 1.288" L (6.99mm x 32.72mm) | S19: — | T19: Link | U19: fuses.csv | V19: OK
A20: BK-AHC-V2-6-R | B20: Eaton - Electronics Division | C20: AHC | D20: FUSE CERAMIC 2.6A 600VAC 3AB 3AG | E20: Cartridge, Ceramic | F20: Through Hole | G20: Fast Blow | H20: 6 | I20: 600 | K20: 10000 | L20: 10000 | M20: 10kA | N20: 24 | O20: UL | P20: -55°C ~ 125°C | Q20: 3AB, 3AG, 1/4" x 1-1/4" (Axial) | R20: 0.275" Dia x 1.288" L (6.99mm x 32.72mm) | S20: — | T20: Link | U20: fuses.csv | V20: CHECK
A21: TR-AHC-V-6-R | B21: Eaton - Electronics Division | C21: AHC | D21: FUSE CERAMIC 6A 600VAC 3AB 3AG | E21: Cartridge, Ceramic | F21: Through Hole | G21: Fast Blow | H21: 6 | I21: 600 | K21: 10000 | L21: 10000 | M21: 10kA | N21: 24 | O21: UL | P21: -55°C ~ 125°C | Q21: 3AB, 3AG, 1/4" x 1-1/4" (Axial) | R21: 0.275" Dia x 1.288" L (6.99mm x 32.72mm) | S21: — | T21: Link | U21: fuses.csv | V21: OK
A22: 051406.3MXEP | B22: Littelfuse Inc. | C22: 514 | D22: FUSE CERAMIC 6.3A 500VAC 3AB 3AG | E22: Cartridge, Ceramic | F22: Through Hole | G22: Fast Blow | H22: 6.3 | I22: 500 | K22: 5000 | L22: 5000 | M22: 5kA | N22: 13.5 | O22: CE, cURus | P22: -55°C ~ 125°C | Q22: 3AB, 3AG, 1/4" x 1-1/4" (Axial) | R22: 0.275" Dia x 1.288" L (6.99mm x 32.72mm) | S22: — | T22: Link | U22: fuses.csv | V22: OK
A23: 8020.5076.PT | B23: SCHURTER Inc. | C23: SHF 6.3x32 | D23: FUSE CERAMIC 6.3A 500VAC 3AB 3AG | E23: Cartridge, Ceramic | F23: Through Hole | G23: Fast Blow | H23: 6.3 | I23: 500 | J23: 400 | K23: 1500 | L23: 1500 | M23: 1.5kA | O23: cURus | P23: -40°C ~ 85°C | Q23: 3AB, 3AG, 1/4" x 1-1/4" (Axial) | R23: 0.270" Dia x 1.291" L (6.85mm x 32.80mm) | S23: — | T23: Link | U23: fuses.csv | V23: OK
A24: 0208007.MXEP | B24: Littelfuse Inc. | C24: 208 | D24: FUSE GLASS 7A 350VAC 2AG | E24: Cartridge, Glass | F24: Through Hole | G24: Fast Blow | H24: 7 | I24: 350 | K24: 100 | L24: 100 | M24: 100A | N24: 40 | O24: CE, cURus, PSE | P24: -55°C ~ 125°C | Q24: 2AG, 5mm x 15mm (Axial) | R24: 0.185" Dia x 0.570" L (4.70mm x 14.48mm) | S24: — | T24: Link | U24: fuses.csv | V24: OK
A25: SMG-V7 | B25: Mersen USA Newburyport-MA L.L.C. | C25: SMG | D25: 350V 7A .217X.59 2AG FA-L | E25: Cartridge, Glass | F25: Through Hole | G25: Fast Blow | H25: 7 | I25: 350 | K25: 100 | L25: 100 | M25: 100A | O25: CSA, UR | P25: — | Q25: 2AG, 5mm x 15mm (Axial) | R25: 0.244" Dia x 0.709" L (6.20mm x 18.00mm) | S25: — | T25: Link | U25: fuses.csv | V25: OK
A26: 0208008.MXEP | B26: Littelfuse Inc. | C26: 208 | D26: FUSE GLASS 8A 350VAC 2AG | E26: Cartridge, Glass | F26: Through Hole | G26: Fast Blow | H26: 8 | I26: 350 | K26: 100 | L26: 100 | M26: 100A | N26: 56 | O26: CE, cURus, PSE | P26: -55°C ~ 125°C | Q26: 2AG, 5mm x 15mm (Axial) | R26: 0.185" Dia x 0.570" L (4.70mm x 14.48mm) | S26: — | T26: Link | U26: fuses.csv | V26: OK
A27: 0487008.MXEP | B27: Littelfuse Inc. | C27: 487 | D27: FUSE CERM 8A 420VAC 420VDC 5X20 | E27: Cartridge, Ceramic | F27: Through Hole | G27: Fast Blow | H27: 8 | I27: 420 | J27: 420 | K27: 200 | L27: 300 | M27: 200A AC, 300A DC | N27: 65 | O27: TUV, UR | P27: -55°C ~ 125°C | Q27: 5mm x 20mm (Axial) | R27: 0.217" Dia x 0.846" L (5.50mm x 21.50mm) | S27: — | T27: Link | U27: fuses.csv | V27: OK
A28: BK/S520-V-8-R | B28: Eaton - Electronics Division | C28: S520 | D28: FUSE CERAMIC 8A 420VAC 5X20MM | E28: Cartridge, Ceramic | F28: Through Hole | G28: Fast Blow | H28: 8 | I28: 420 | K28: 200 | L28: 200 | M28: 200A | N28: 104 | O28: TUV, UR | P28: -55°C ~ 125°C | Q28: 5mm x 20mm (Axial) | R28: 0.236" Dia x 0.831" L (6.00mm x 21.10mm) | S28: — | T28: Link | U28: fuses.csv | V28: OK
A29: TR2/S520-V-8-R | B29: Eaton - Electronics Division | C29: S520 | D29: FUSE CERAMIC 8A 420VAC 5X20MM | E29: Cartridge, Ceramic | F29: Through Hole | G29: Fast Blow | H29: 8 | I29: 420 | K29: 1500 | L29: 1500 | M29: 1.5kA | N29: 104 | O29: TUV, UR | P29: -55°C ~ 125°C | Q29: 5mm x 20mm (Axial) | R29: 0.236" Dia x 0.831" L (6.00mm x 21.10mm) | S29: — | T29: Link | U29: fuses.csv | V29: OK
A30: 0514008.MXEP | B30: Littelfuse Inc. | C30: 514 | D30: FUSE CERAMIC 8A 500VAC 3AB 3AG | E30: Cartridge, Ceramic | F30: Through Hole | G30: Fast Blow | H30: 8 | I30: 500 | K30: 5000 | L30: 5000 | M30: 5kA | N30: 28.8 | O30: CE, cURus | P30: -55°C ~ 125°C | Q30: 3AB, 3AG, 1/4" x 1-1/4" (Axial) | R30: 0.275" Dia x 1.288" L (6.99mm x 32.72mm) | S30: — | T30: Link | U30: fuses.csv | V30: OK
A31: 8020.5077.PT | B31: SCHURTER Inc. | C31: SHF 6.3x32 | D31: FUSE CERAMIC 8A 500VAC 3AB 3AG | E31: Cartridge, Ceramic | F31: Through Hole | G31: Fast Blow | H31: 8 | I31: 500 | K31: 1500 | L31: 1500 | M31: 1.5kA | N31: 120 | O31: cURus | P31: -40°C ~ 85°C | Q31: 3AB, 3AG, 1/4" x 1-1/4" (Axial) | R31: 0.270" Dia x 1.291" L (6.85mm x 32.80mm) | S31: — | T31: Link | U31: fuses.csv | V31: OK
A32: 0ADAP8000-RE | B32: Bel Fuse Inc. | C32: 0ADAP | D32: FUSE CERM 8A 600VAC 600VDC 3AB | E32: Cartridge, Ceramic | F32: Through Hole | G32: Fast Blow | H32: 8 | I32: 600 | J32: 600 | K32: 10000 | L32: 10000 | M32: 10kA | N32: 76.8 | O32: cURus | P32: -55°C ~ 125°C | Q32: 3AB, 3AG, 1/4" x 1-1/4" (Axial) | R32: 0.266" Dia x 1.292" H (6.76mm x 32.82mm) | S32: — | T32: Link | U32: fuses.csv | V32: OK
A33: AHC-V-8-R | B33: Eaton - Electronics Division | C33: AHC | D33: FUSE CERAMIC 8A 600VAC 3AB 3AG | E33: Cartridge, Ceramic | F33: Through Hole | G33: Fast Blow | H33: 8 | I33: 600 | K33: 10000 | L33: 10000 | M33: 10kA | N33: 35 | O33: UL | P33: -55°C ~ 125°C | Q33: 3AB, 3AG, 1/4" x 1-1/4" (Axial) | R33: 0.275" Dia x 1.288" L (6.99mm x 32.72mm) | S33: — | T33: Link | U33: fuses.csv | V33: OK
A34: BK-AHC-V-8-R | B34: Eaton - Electronics Division | C34: AHC | D34: FUSE CERAMIC 8A 600VAC 3AB 3AG | E34: Cartridge, Ceramic | F34: Through Hole | G34: Fast Blow | H34: 8 | I34: 600 | K34: 10000 | L34: 10000 | M34: 10kA | N34: 35 | O34: UL | P34: -55°C ~ 125°C | Q34: 3AB, 3AG, 1/4" x 1-1/4" (Axial) | R34: 0.275" Dia x 1.288" L (6.99mm x 32.72mm) | S34: — | T34: Link | U34: fuses.csv | V34: OK
A35: BK-AHC-V2-8-R | B35: Eaton - Electronics Division | C35: AHC | D35: FUSE CERAMIC 8A 600VAC 3AB 3AG | E35: Cartridge, Ceramic | F35: Through Hole | G35: Fast Blow | H35: 8 | I35: 600 | K35: 10000 | L35: 10000 | M35: 10kA | N35: 35 | O35: UL | P35: -55°C ~ 125°C | Q35: 3AB, 3AG, 1/4" x 1-1/4" (Axial) | R35: 0.275" Dia x 1.288" L (6.99mm x 32.72mm) | S35: — | T35: Link | U35: fuses.csv | V35: OK
A36: SCV8 | B36: Eaton - Bussmann Electrical Division | C36: SCV | D36: FUSE CERAMIC | E36: Cartridge, Ceramic | F36: Through Hole | G36: Fast Blow | H36: 8 | I36: 600 | J36: 170 | K36: 100000 | L36: 10000 | M36: 100kA AC, 10kA DC | O36: CE | P36: — | Q36: Radial Bend Cylinder | R36: 0.409" Dia x 1.311" L (10.40mm x 33.30mm) | S36: — | U36: fuses.csv | V36: OK
A37: TR-AHC-V-8-R | B37: Eaton - Electronics Division | C37: AHC | D37: FUSE CERAMIC 8A 600VAC 3AB 3AG | E37: Cartridge, Ceramic | F37: Through Hole | G37: Fast Blow | H37: 8 | I37: 600 | K37: 10000 | L37: 10000 | M37: 10kA | N37: 35 | O37: UL | P37: -55°C ~ 125°C | Q37: 3AB, 3AG, 1/4" x 1-1/4" (Axial) | R37: 0.275" Dia x 1.288" L (6.99mm x 32.72mm) | S37: — | T37: Link | U37: fuses.csv | V37: OK
A38: 0208010.MXEP | B38: Littelfuse Inc. | C38: 208 | D38: FUSE GLASS 10A 350VAC 2AG | E38: Cartridge, Glass | F38: Through Hole | G38: Fast Blow | H38: 10 | I38: 350 | K38: 100 | L38: 100 | M38: 100A | N38: 116 | O38: CE, cURus, PSE | P38: -55°C ~ 125°C | Q38: 2AG, 5mm x 15mm (Axial) | R38: 0.185" Dia x 0.570" L (4.70mm x 14.48mm) | S38: — | T38: Link | U38: fuses.csv | V38: OK
A39: 0487010.MXEP | B39: Littelfuse Inc. | C39: 487 | D39: FUSE CERM 10A 420VAC 420VDC 5X20 | E39: Cartridge, Ceramic | F39: Through Hole | G39: Fast Blow | H39: 10 | I39: 420 | J39: 420 | K39: 200 | L39: 300 | M39: 200A AC, 300A DC | N39: 130 | O39: TUV, UR | P39: -55°C ~ 125°C | Q39: 5mm x 20mm (Axial) | R39: 0.217" Dia x 0.846" L (5.50mm x 21.50mm) | S39: — | T39: Link | U39: fuses.csv | V39: OK
A40: BK/S520-V-10-R | B40: Eaton - Electronics Division | C40: S520 | D40: FUSE CERAMIC 10A 420VAC 5X20MM | E40: Cartridge, Ceramic | F40: Through Hole | G40: Fast Blow | H40: 10 | I40: 420 | K40: 200 | L40: 200 | M40: 200A | N40: 155 | O40: TUV, UR | P40: -55°C ~ 125°C | Q40: 5mm x 20mm (Axial) | R40: 0.236" Dia x 0.831" L (6.00mm x 21.10mm) | S40: — | T40: Link | U40: fuses.csv | V40: OK
A41: TR2/S520-V-10-R | B41: Eaton - Electronics Division | C41: S520 | D41: FUSE CERAMIC 10A 420VAC 5X20MM | E41: Cartridge, Ceramic | F41: Through Hole | G41: Fast Blow | H41: 10 | I41: 420 | K41: 1500 | L41: 1500 | M41: 1.5kA | N41: 155 | O41: TUV, UR | P41: -55°C ~ 125°C | Q41: 5mm x 20mm (Axial) | R41: 0.236" Dia x 0.831" L (6.00mm x 21.10mm) | S41: — | T41: Link | U41: fuses.csv | V41: OK
A42: 0505010.MXEP | B42: Littelfuse Inc. | C42: 505 | D42: FUSE CERM 10A 450VAC 250VDC 3AB | E42: Cartridge, Ceramic | F42: Through Hole | G42: Fast Blow | H42: 10 | I42: 450 | J42: 250 | K42: 20000 | L42: 1000 | M42: 20kA AC, 1kA DC | N42: 91 | O42: CE, cULus, SEMKO | P42: -55°C ~ 125°C | Q42: 3AB, 3AG, 1/4" x 1-1/4" (Axial) | R42: 0.275" Dia x 1.288" L (6.99mm x 32.72mm) | S42: — | T42: Link | U42: fuses.csv | V42: OK
A43: 0514010.MXEP | B43: Littelfuse Inc. | C43: 514 | D43: FUSE CERAMIC 10A 500VAC 3AB 3AG | E43: Cartridge, Ceramic | F43: Through Hole | G43: Fast Blow | H43: 10 | I43: 500 | K43: 5000 | L43: 5000 | M43: 5kA | N43: 50.6 | O43: CE, cURus | P43: -55°C ~ 125°C | Q43: 3AB, 3AG, 1/4" x 1-1/4" (Axial) | R43: 0.275" Dia x 1.288" L (6.99mm x 32.72mm) | S43: — | T43: Link | U43: fuses.csv | V43: OK
A44: 0ADEP9100-RE | B44: Bel Fuse Inc. | C44: 0ADEP | D44: FUSE CERM 10A 500VAC 500VDC 3AB | E44: Cartridge, Ceramic | F44: Through Hole | G44: Fast Blow | H44: 10 | I44: 500 | J44: 500 | K44: 30000 | L44: 20000 | M44: 30kA AC, 20kA DC | N44: 100 | O44: cURus | P44: -50°C ~ 105°C | Q44: 3AB, 3AG, 1/4" x 1-1/4" (Axial) | R44: 0.268" Dia x 1.291" L (6.81mm x 32.79mm) | S44: — | T44: Link | U44: fuses.csv | V44: OK
A45: CRU ABB-A 10A 500V (PF) | B45: Conquer | C45: ABB-A | D45: FUSE CERM 10A 500VAC 500VDC AXL | E45: Cartridge, Ceramic | F45: Through Hole | G45: Fast Blow | H45: 10 | I45: 500 | J45: 500 | K45: 200 | L45: 200 | M45: 200A | N45: 98.28 | O45: cURus | P45: -55°C ~ 125°C | Q45: Cartridge, Non-Standard (Axial) | R45: 0.276" Dia x 1.299" L (7.00mm x 33.00mm) | S45: — | T45: Link | U45: fuses.csv | V45: OK
A46: PF-63R50H10X | B46: Bourns Inc. | C46: PF-63R50H | D46: POWRFUSE AXIAL LEAD 500VAC/VDC 1 | E46: Cartridge, Ceramic | F46: Through Hole | G46: Fast Blow | H46: 10 | I46: 500 | J46: 500 | K46: 30000 | L46: 20000 | M46: 30kA AC, 20kA DC | N46: 50 | O46: cUL, cURus, TUV | P46: -40°C ~ 125°C | Q46: 3AB, 3AG, 1/4" x 1-1/4" (Axial) | R46: 0.268" Dia x 1.291" L (6.81mm x 32.79mm) | S46: — | T46: Link | U46: fuses.csv | V46: OK
A47: 0ADAP9100-RE | B47: Bel Fuse Inc. | C47: 0ADAP | D47: FUSE CERM 10A 600VAC 600VDC 3AB | E47: Cartridge, Ceramic | F47: Through Hole | G47: Fast Blow | H47: 10 | I47: 600 | J47: 600 | K47: 10000 | L47: 10000 | M47: 10kA | N47: 101.4 | O47: cURus | P47: -55°C ~ 125°C | Q47: 3AB, 3AG, 1/4" x 1-1/4" (Axial) | R47: 0.266" Dia x 1.292" H (6.76mm x 32.82mm) | S47: — | T47: Link | U47: fuses.csv | V47: OK
A48: AHC-V-10-R | B48: Eaton - Electronics Division | C48: AHC | D48: FUSE CERAMIC 10A 600VAC 3AB 3AG | E48: Cartridge, Ceramic | F48: Through Hole | G48: Fast Blow | H48: 10 | I48: 600 | K48: 10000 | L48: 10000 | M48: 10kA | N48: 66 | O48: UL | P48: -55°C ~ 125°C | Q48: 3AB, 3AG, 1/4" x 1-1/4" (Axial) | R48: 0.275" Dia x 1.288" L (6.99mm x 32.72mm) | S48: — | T48: Link | U48: fuses.csv | V48: OK
A49: BK-AHC-V-10-R | B49: Eaton - Electronics Division | C49: AHC | D49: FUSE CERAMIC 10A 600VAC 3AB 3AG | E49: Cartridge, Ceramic | F49: Through Hole | G49: Fast Blow | H49: 10 | I49: 600 | K49: 10000 | L49: 10000 | M49: 10kA | N49: 66 | O49: UL | P49: -55°C ~ 125°C | Q49: 3AB, 3AG, 1/4" x 1-1/4" (Axial) | R49: 0.275" Dia x 1.288" L (6.99mm x 32.72mm) | S49: — | T49: Link | U49: fuses.csv | V49: OK
A50: BK-AHC-V2-10-R | B50: Eaton - Electronics Division | C50: AHC | D50: FUSE CERAMIC 10A 600VAC 3AB 3AG | E50: Cartridge, Ceramic | F50: Through Hole | G50: Fast Blow | H50: 10 | I50: 600 | K50: 10000 | L50: 10000 | M50: 10kA | N50: 66 | O50: UL | P50: -55°C ~ 125°C | Q50: 3AB, 3AG, 1/4" x 1-1/4" (Axial) | R50: 0.275" Dia x 1.288" L (6.99mm x 32.72mm) | S50: — | T50: Link | U50: fuses.csv | V50: OK
A51: TR-AHC-V-10-R | B51: Eaton - Electronics Division | C51: AHC | D51: FUSE CERAMIC 10A 600VAC 3AB 3AG | E51: Cartridge, Ceramic | F51: Through Hole | G51: Fast Blow | H51: 10 | I51: 600 | K51: 10000 | L51: 10000 | M51: 10kA | N51: 66 | O51: UL | P51: -55°C ~ 125°C | Q51: 3AB, 3AG, 1/4" x 1-1/4" (Axial) | R51: 0.275" Dia x 1.288" L (6.99mm x 32.72mm) | S51: — | T51: Link | U51: fuses.csv | V51: OK
A52: 0505012.MXEP | B52: Littelfuse Inc. | C52: 505 | D52: FUSE CERM 12A 450VAC 250VDC 3AB | E52: Cartridge, Ceramic | F52: Through Hole | G52: Fast Blow | H52: 12 | I52: 450 | J52: 250 | K52: 20000 | L52: 1000 | M52: 20kA AC, 1kA DC | N52: 192 | O52: CE, cULus, SEMKO | P52: -55°C ~ 125°C | Q52: 3AB, 3AG, 1/4" x 1-1/4" (Axial) | R52: 0.275" Dia x 1.288" L (6.99mm x 32.72mm) | S52: — | T52: Link | U52: fuses.csv | V52: OK
A53: 0ADEP9120-RE | B53: Bel Fuse Inc. | C53: 0ADEP | D53: FUSE CERM 12A 500VAC 500VDC 3AB | E53: Cartridge, Ceramic | F53: Through Hole | G53: Fast Blow | H53: 12 | I53: 500 | J53: 500 | K53: 30000 | L53: 20000 | M53: 30kA AC, 20kA DC | N53: 140 | O53: cURus | P53: -50°C ~ 105°C | Q53: 3AB, 3AG, 1/4" x 1-1/4" (Axial) | R53: 0.268" Dia x 1.291" L (6.81mm x 32.79mm) | S53: — | T53: Link | U53: fuses.csv | V53: OK
A54: BK-ADC-V2-12-R | B54: Eaton - Electronics Division | C54: ADC | D54: FUSE CERM 12A 500VAC 500VDC 3AB | E54: Cartridge, Ceramic | F54: Through Hole | G54: Fast Blow | H54: 12 | I54: 500 | J54: 500 | K54: 30000 | L54: 20000 | M54: 30kA AC, 20kA DC | N54: 120 | O54: cURus, UL | P54: -50°C ~ 125°C | Q54: 3AB, 3AG, 1/4" x 1-1/4" (Axial) | R54: 0.268" Dia x 1.291" L (6.81mm x 32.79mm) | S54: — | T54: Link | U54: fuses.csv | V54: OK
A55: PF-63R50H12X | B55: Bourns Inc. | C55: PF-63R50H | D55: POWRFUSE AXIAL LEAD 500VAC/VDC 1 | E55: Cartridge, Ceramic | F55: Through Hole | G55: Fast Blow | H55: 12 | I55: 500 | J55: 500 | K55: 30000 | L55: 20000 | M55: 30kA AC, 20kA DC | N55: 43 | O55: cUL, cURus, TUV | P55: -40°C ~ 125°C | Q55: 3AB, 3AG, 1/4" x 1-1/4" (Axial) | R55: 0.268" Dia x 1.291" L (6.81mm x 32.79mm) | S55: — | T55: Link | U55: fuses.csv | V55: OK
A56: 0ADAP9120-RE | B56: Bel Fuse Inc. | C56: 0ADAP | D56: FUSE CERM 12A 600VAC 600VDC 3AB | E56: Cartridge, Ceramic | F56: Through Hole | G56: Fast Blow | H56: 12 | I56: 600 | J56: 600 | K56: 10000 | L56: 10000 | M56: 10kA | N56: 187.2 | O56: cURus | P56: -55°C ~ 125°C | Q56: 3AB, 3AG, 1/4" x 1-1/4" (Axial) | R56: 0.266" Dia x 1.292" H (6.76mm x 32.82mm) | S56: — | T56: Link | U56: fuses.csv | V56: OK
A57: 048712.5MXEP | B57: Littelfuse Inc. | C57: 487 | D57: FUSE CERM 12.5A 420VAC/VDC AXIAL | E57: Cartridge, Ceramic | F57: Through Hole | G57: Fast Blow | H57: 12.5 | I57: 420 | J57: 420 | K57: 200 | L57: 300 | M57: 200A AC, 300A DC | N57: 170 | O57: TUV, UR | P57: -55°C ~ 125°C | Q57: 5mm x 20mm (Axial) | R57: 0.217" Dia x 0.846" L (5.50mm x 21.50mm) | S57: — | T57: Link | U57: fuses.csv | V57: OK
A58: BK/S520-V-12-5-R | B58: Eaton - Electronics Division | C58: S520 | D58: FUSE CERAMIC 12.5A 420VAC 5X20MM | E58: Cartridge, Ceramic | F58: Through Hole | G58: Fast Blow | H58: 12.5 | I58: 420 | K58: 300 | L58: 300 | M58: 300A | N58: 160 | O58: TUV, UR | P58: -55°C ~ 125°C | Q58: 5mm x 20mm (Axial) | R58: 0.236" Dia x 0.831" L (6.00mm x 21.10mm) | S58: — | T58: Link | U58: fuses.csv | V58: OK
A59: BK/S520-V-12.5-R | B59: Eaton - Electronics Division | C59: S520 | D59: FUSE CERAMIC 12.5A 420VAC 5X20MM | E59: Cartridge, Ceramic | F59: Through Hole | G59: Fast Blow | H59: 12.5 | I59: 420 | K59: 300 | L59: 300 | M59: 300A | N59: 160 | O59: TUV, UR | P59: -55°C ~ 125°C | Q59: 5mm x 20mm (Axial) | R59: 0.236" Dia x 0.831" L (6.00mm x 21.10mm) | S59: — | T59: Link | U59: fuses.csv | V59: OK
A60: TR2/S520-V-12-5-R | B60: Eaton - Electronics Division | C60: S520 | D60: FUSE CERAMIC 12.5A 420VAC 5X20MM | E60: Cartridge, Ceramic | F60: Through Hole | G60: Fast Blow | H60: 12.5 | I60: 420 | K60: 1500 | L60: 1500 | M60: 1.5kA | N60: 160 | O60: TUV, UR | P60: -55°C ~ 125°C | Q60: 5mm x 20mm (Axial) | R60: 0.236" Dia x 0.831" L (6.00mm x 21.10mm) | S60: — | T60: Link | U60: fuses.csv | V60: OK
A61: 051412.5MXEP | B61: Littelfuse Inc. | C61: 514 | D61: FUSE CERM 12.5A 500VAC 3AB 3AG | E61: Cartridge, Ceramic | F61: Through Hole | G61: Fast Blow | H61: 12.5 | I61: 500 | K61: 5000 | L61: 5000 | M61: 5kA | N61: 114 | O61: CE, cURus | P61: -55°C ~ 125°C | Q61: 3AB, 3AG, 1/4" x 1-1/4" (Axial) | R61: 0.275" Dia x 1.288" L (6.99mm x 32.72mm) | S61: — | T61: Link | U61: fuses.csv | V61: OK
A62: 0487015.MXEP | B62: Littelfuse Inc. | C62: 487 | D62: FUSE CERM 15A 420VAC 420VDC 5X20 | E62: Cartridge, Ceramic | F62: Through Hole | G62: Fast Blow | H62: 15 | I62: 420 | J62: 420 | K62: 300 | L62: 200 | M62: 300A AC, 200A DC | N62: 190 | O62: TUV, UR | P62: -55°C ~ 125°C | Q62: 5mm x 20mm (Axial) | R62: 0.217" Dia x 0.846" L (5.50mm x 21.50mm) | S62: — | T62: Link | U62: fuses.csv | V62: OK
A63: BK/S520-V-15-R | B63: Eaton - Electronics Division | C63: S520 | D63: FUSE CERAMIC 15A 420VAC 5X20MM | E63: Cartridge, Ceramic | F63: Through Hole | G63: Fast Blow | H63: 15 | I63: 420 | K63: 300 | L63: 300 | M63: 300A | N63: 220 | O63: TUV, UR | P63: -55°C ~ 125°C | Q63: 5mm x 20mm (Axial) | R63: 0.236" Dia x 0.831" L (6.00mm x 21.10mm) | S63: — | T63: Link | U63: fuses.csv | V63: OK
A64: TR2/S520-V-15-R | B64: Eaton - Electronics Division | C64: S520 | D64: FUSE CERAMIC 15A 420VAC 5X20MM | E64: Cartridge, Ceramic | F64: Through Hole | G64: Fast Blow | H64: 15 | I64: 420 | K64: 1500 | L64: 1500 | M64: 1.5kA | N64: 220 | O64: TUV, UR | P64: -55°C ~ 125°C | Q64: 5mm x 20mm (Axial) | R64: 0.236" Dia x 0.831" L (6.00mm x 21.10mm) | S64: — | T64: Link | U64: fuses.csv | V64: OK
A65: 0505015.MXEP | B65: Littelfuse Inc. | C65: 505 | D65: FUSE CERM 15A 500VAC 500VDC 3AB | E65: Cartridge, Ceramic | F65: Through Hole | G65: Fast Blow | H65: 15 | I65: 500 | J65: 500 | M65: — | O65: — | P65: -55°C ~ 125°C | Q65: 3AB, 3AG, 1/4" x 1-1/4" (Axial) | R65: 0.275" Dia x 1.288" L (6.99mm x 32.72mm) | S65: — | T65: Link | U65: fuses.csv | V65: OK
A66: 0ADEP9150-RE | B66: Bel Fuse Inc. | C66: 0ADEP | D66: FUSE CERM 15A 500VAC 500VDC 3AB | E66: Cartridge, Ceramic | F66: Through Hole | G66: Fast Blow | H66: 15 | I66: 500 | J66: 500 | K66: 30000 | L66: 20000 | M66: 30kA AC, 20kA DC | N66: 66 | O66: cURus | P66: -50°C ~ 105°C | Q66: 3AB, 3AG, 1/4" x 1-1/4" (Axial) | R66: 0.268" Dia x 1.291" L (6.81mm x 32.79mm) | S66: — | T66: Link | U66: fuses.csv | V66: OK
A67: BK-ADC-V2-15-R | B67: Eaton - Electronics Division | C67: ADC | D67: FUSE CERM 15A 500VAC 500VDC 3AB | E67: Cartridge, Ceramic | F67: Through Hole | G67: Fast Blow | H67: 15 | I67: 500 | J67: 500 | K67: 30000 | L67: 20000 | M67: 30kA AC, 20kA DC | N67: 50 | O67: cURus, UL | P67: -50°C ~ 125°C | Q67: 3AB, 3AG, 1/4" x 1-1/4" (Axial) | R67: 0.268" Dia x 1.291" L (6.81mm x 32.79mm) | S67: — | T67: Link | U67: fuses.csv | V67: OK
A68: BK-AHCA-V-1-5-R | B68: Eaton - Electronics Division | C68: AHCA | D68: AHCA 600V FUSE, 1.5A | E68: Cartridge, Ceramic | F68: Through Hole | G68: Fast Blow | H68: 15 | I68: 500 | J68: 500 | K68: 20000 | L68: 20000 | M68: 20kA | O68: cURus | P68: -55°C ~ 125°C | Q68: 3AB, 3AG, 1/4" x 1-1/4" (Axial) | R68: 0.266" Dia x 1.292" L (6.76mm x 32.82mm) | S68: — | T68: Link | U68: fuses.csv | V68: CHECK
A69: PF-63R50H15X | B69: Bourns Inc. | C69: PF-63R50H | D69: POWRFUSE AXIAL LEAD 500VAC/VDC 1 | E69: Cartridge, Ceramic | F69: Through Hole | G69: Fast Blow | H69: 15 | I69: 500 | J69: 500 | K69: 30000 | L69: 20000 | M69: 30kA AC, 20kA DC | N69: 80 | O69: cUL, cURus, TUV | P69: -40°C ~ 125°C | Q69: 3AB, 3AG, 1/4" x 1-1/4" (Axial) | R69: 0.268" Dia x 1.291" L (6.81mm x 32.79mm) | S69: — | T69: Link | U69: fuses.csv | V69: OK
A70: BK-AHC-V-15-R | B70: Eaton - Electronics Division | C70: AHC | D70: FUSE 3AB AXIAL 500V 15A | E70: Cartridge, Ceramic | F70: Through Hole | G70: Fast Blow | H70: 15 | I70: 600 | K70: 10000 | L70: 10000 | M70: 10kA | N70: 0.5 | O70: cURus | P70: -55°C ~ 125°C | Q70: 3AB, 3AG, 1/4" x 1-1/4" (Axial) | R70: 0.266" Dia x 1.292" L (6.76mm x 32.82mm) | S70: — | T70: Link | U70: fuses.csv | V70: OK
A71: BK-AHC-V2-15-R | B71: Eaton - Electronics Division | C71: AHC | D71: FUSE 3AB AXIAL 500V 15A | E71: Cartridge, Ceramic | F71: Through Hole | G71: Fast Blow | H71: 15 | I71: 600 | K71: 10000 | L71: 10000 | M71: 10kA | N71: 0.5 | O71: cURus | P71: -55°C ~ 125°C | Q71: 3AB, 3AG, 1/4" x 1-1/4" (Axial) | R71: 0.266" Dia x 1.292" L (6.76mm x 32.82mm) | S71: — | T71: Link | U71: fuses.csv | V71: OK
A72: BK/S520-V-16-R | B72: Eaton - Electronics Division | C72: S520 | D72: FUSE CERAMIC 16A 420VAC 5X20MM | E72: Cartridge, Ceramic | F72: Through Hole | G72: Fast Blow | H72: 16 | I72: 420 | K72: 300 | L72: 300 | M72: 300A | N72: 280 | O72: TUV, UR | P72: -55°C ~ 125°C | Q72: 5mm x 20mm (Axial) | R72: 0.236" Dia x 0.831" L (6.00mm x 21.10mm) | S72: — | T72: Link | U72: fuses.csv | V72: OK
A73: TR2/S520-V-16-R | B73: Eaton - Electronics Division | C73: S520 | D73: FUSE CERAMIC 16A 420VAC 5X20MM | E73: Cartridge, Ceramic | F73: Through Hole | G73: Fast Blow | H73: 16 | I73: 420 | K73: 1500 | L73: 1500 | M73: 1.5kA | N73: 280 | O73: TUV, UR | P73: -55°C ~ 125°C | Q73: 5mm x 20mm (Axial) | R73: 0.236" Dia x 0.831" L (6.00mm x 21.10mm) | S73: — | T73: Link | U73: fuses.csv | V73: OK
A74: 0505016.MXEP | B74: Littelfuse Inc. | C74: 505 | D74: FUSE CERM 16A 500VAC 500VDC 3AB | E74: Cartridge, Ceramic | F74: Through Hole | G74: Fast Blow | H74: 16 | I74: 500 | J74: 500 | K74: 50000 | L74: 20000 | M74: 50kA AC, 20kA DC | N74: 51 | O74: CE, cULus | P74: -55°C ~ 125°C | Q74: 3AB, 3AG, 1/4" x 1-1/4" (Axial) | R74: 0.275" Dia x 1.288" L (6.99mm x 32.72mm) | S74: — | T74: Link | U74: fuses.csv | V74: OK
A75: 0514016.MXEP | B75: Littelfuse Inc. | C75: 514 | D75: FUSE CERAMIC 16A 500VAC 3AB 3AG | E75: Cartridge, Ceramic | F75: Through Hole | G75: Fast Blow | H75: 16 | I75: 500 | K75: 5000 | L75: 5000 | M75: 5kA | O75: CE, cURus | P75: -55°C ~ 125°C | Q75: 3AB, 3AG, 1/4" x 1-1/4" (Axial) | R75: 0.275" Dia x 1.288" L (6.99mm x 32.72mm) | S75: — | T75: Link | U75: fuses.csv | V75: OK
A76: 0ADEP9160-RE | B76: Bel Fuse Inc. | C76: 0ADEP | D76: FUSE CERM 16A 500VAC 500VDC 3AB | E76: Cartridge, Ceramic | F76: Through Hole | G76: Fast Blow | H76: 16 | I76: 500 | J76: 500 | K76: 30000 | L76: 20000 | M76: 30kA AC, 20kA DC | N76: 62 | O76: cURus | P76: -50°C ~ 105°C | Q76: 3AB, 3AG, 1/4" x 1-1/4" (Axial) | R76: 0.268" Dia x 1.291" L (6.81mm x 32.79mm) | S76: — | T76: Link | U76: fuses.csv | V76: OK
A77: PF-63R50H16X | B77: Bourns Inc. | C77: PF-63R50H | D77: POWRFUSE AXIAL LEAD 500VAC/VDC 1 | E77: Cartridge, Ceramic | F77: Through Hole | G77: Fast Blow | H77: 16 | I77: 500 | J77: 500 | K77: 30000 | L77: 20000 | M77: 30kA AC, 20kA DC | N77: 90 | O77: cUL, cURus, TUV | P77: -40°C ~ 125°C | Q77: 3AB, 3AG, 1/4" x 1-1/4" (Axial) | R77: 0.268" Dia x 1.291" L (6.81mm x 32.79mm) | S77: — | T77: Link | U77: fuses.csv | V77: OK
A78: AHC-V-18-R | B78: Eaton - Electronics Division | C78: AHC | D78: FUSE 3AB AXIAL 500V 18A 4-TIN | E78: Cartridge, Ceramic | F78: Through Hole | G78: Fast Blow | H78: 18 | I78: 500 | K78: 20000 | L78: 20000 | M78: 20kA | O78: cURus | P78: -55°C ~ 125°C | Q78: 3AB, 3AG, 1/4" x 1-1/4" (Axial) | R78: 0.266" Dia x 1.292" L (6.76mm x 32.82mm) | S78: — | T78: Link | U78: fuses.csv | V78: OK
A79: BK-AHC-V-18-R | B79: Eaton - Electronics Division | C79: AHC | D79: FUSE 3AB AXIAL 500V 18A | E79: Cartridge, Ceramic | F79: Through Hole | G79: Fast Blow | H79: 18 | I79: 500 | K79: 20000 | L79: 20000 | M79: 20kA | O79: cURus | P79: -55°C ~ 125°C | Q79: 3AB, 3AG, 1/4" x 1-1/4" (Axial) | R79: 0.266" Dia x 1.292" L (6.76mm x 32.82mm) | S79: — | T79: Link | U79: fuses.csv | V79: OK
A80: BK-AHC-V2-18-R | B80: Eaton - Electronics Division | C80: AHC | D80: FUSE 3AB AXIAL 500V 18A | E80: Cartridge, Ceramic | F80: Through Hole | G80: Fast Blow | H80: 18 | I80: 500 | K80: 20000 | L80: 20000 | M80: 20kA | O80: cURus | P80: -55°C ~ 125°C | Q80: 3AB, 3AG, 1/4" x 1-1/4" (Axial) | R80: 0.266" Dia x 1.292" L (6.76mm x 32.82mm) | S80: — | T80: Link | U80: fuses.csv | V80: OK
A81: TR-AHC-V-18-R | B81: Eaton - Electronics Division | C81: AHC | D81: FUSE 3AB AXIAL 500V 18A | E81: Cartridge, Ceramic | F81: Through Hole | G81: Fast Blow | H81: 18 | I81: 500 | K81: 20000 | L81: 20000 | M81: 20kA | O81: cURus | P81: -55°C ~ 125°C | Q81: 3AB, 3AG, 1/4" x 1-1/4" (Axial) | R81: 0.266" Dia x 1.292" L (6.76mm x 32.82mm) | S81: — | T81: Link | U81: fuses.csv | V81: OK
A82: 0487020.MXEP | B82: Littelfuse Inc. | C82: 487 | D82: FUSE CERM 20A 420VAC 420VDC 5X20 | E82: Cartridge, Ceramic | F82: Through Hole | G82: Fast Blow | H82: 20 | I82: 420 | J82: 420 | K82: 200 | L82: 300 | M82: 200A AC, 300A DC | N82: 390 | O82: cURus, TUV | P82: -55°C ~ 125°C | Q82: 5mm x 20mm (Axial) | R82: 0.217" Dia x 0.846" L (5.50mm x 21.50mm) | S82: — | T82: Link | U82: fuses.csv | V82: OK
A83: BK/S520-V-20-R | B83: Eaton - Electronics Division | C83: S520 | D83: FUSE CERAMIC 20A 420VAC 5X20MM | E83: Cartridge, Ceramic | F83: Through Hole | G83: Fast Blow | H83: 20 | I83: 420 | K83: 300 | L83: 300 | M83: 300A | N83: 420 | O83: TUV, UR | P83: -55°C ~ 125°C | Q83: 5mm x 20mm (Axial) | R83: 0.236" Dia x 0.831" L (6.00mm x 21.10mm) | S83: — | T83: Link | U83: fuses.csv | V83: OK
A84: TR2/S520-V-20-R | B84: Eaton - Electronics Division | C84: S520 | D84: FUSE CERAMIC 20A 420VAC 5X20MM | E84: Cartridge, Ceramic | F84: Through Hole | G84: Fast Blow | H84: 20 | I84: 420 | K84: 1500 | L84: 1500 | M84: 1.5kA | N84: 420 | O84: TUV, UR | P84: -55°C ~ 125°C | Q84: 5mm x 20mm (Axial) | R84: 0.236" Dia x 0.831" L (6.00mm x 21.10mm) | S84: — | T84: Link | U84: fuses.csv | V84: OK
A85: 0505020.MX52LEP | B85: Littelfuse Inc. | C85: 505 | D85: FUSE CERM 20A 500VAC 500VDC 3AB | E85: Cartridge, Ceramic | F85: Through Hole | G85: Fast Blow | H85: 20 | I85: 500 | J85: 500 | K85: 30000 | L85: 20000 | M85: 30kA AC, 20kA DC | N85: 203 | O85: CE, cULus | P85: -55°C ~ 125°C | Q85: 3AB, 3AG, 1/4" x 1-1/4" (Axial) | R85: 0.275" Dia x 1.288" L (6.99mm x 32.72mm) | S85: — | T85: Link | U85: fuses.csv | V85: OK
A86: 0505020.MXEP | B86: Littelfuse Inc. | C86: 505 | D86: FUSE CERM 20A 500VAC 500VDC 3AB | E86: Cartridge, Ceramic | F86: Through Hole | G86: Fast Blow | H86: 20 | I86: 500 | J86: 500 | K86: 30000 | L86: 20000 | M86: 30kA AC, 20kA DC | N86: 101 | O86: CE, cULus | P86: -55°C ~ 125°C | Q86: 3AB, 3AG, 1/4" x 1-1/4" (Axial) | R86: 0.275" Dia x 1.288" L (6.99mm x 32.72mm) | S86: — | T86: Link | U86: fuses.csv | V86: OK
A87: 0ADEP9200-RE | B87: Bel Fuse Inc. | C87: 0ADEP | D87: FUSE CERM 20A 500VAC 500VDC 3AB | E87: Cartridge, Ceramic | F87: Through Hole | G87: Fast Blow | H87: 20 | I87: 500 | J87: 500 | K87: 30000 | L87: 20000 | M87: 30kA AC, 20kA DC | N87: 120 | O87: cURus | P87: -50°C ~ 105°C | Q87: 3AB, 3AG, 1/4" x 1-1/4" (Axial) | R87: 0.268" Dia x 1.291" L (6.81mm x 32.79mm) | S87: — | T87: Link | U87: fuses.csv | V87: OK
A88: AHC-V-20-R | B88: Eaton - Electronics Division | C88: AHC | D88: FUSE 3AB AXIAL 500V 20A 4-TIN | E88: Cartridge, Ceramic | F88: Through Hole | G88: Fast Blow | H88: 20 | I88: 500 | K88: 20000 | L88: 20000 | M88: 20kA | O88: cURus | P88: -55°C ~ 125°C | Q88: 3AB, 3AG, 1/4" x 1-1/4" (Axial) | R88: 0.266" Dia x 1.292" L (6.76mm x 32.82mm) | S88: — | T88: Link | U88: fuses.csv | V88: OK
A89: BK-ADC-V2-20-R | B89: Eaton - Electronics Division | C89: ADC | D89: FUSE CERM 20A 500VAC 500VDC 3AB | E89: Cartridge, Ceramic | F89: Through Hole | G89: Fast Blow | H89: 20 | I89: 500 | J89: 500 | K89: 30000 | L89: 20000 | M89: 30kA AC, 20kA DC | N89: 88 | O89: cURus, UL | P89: -50°C ~ 125°C | Q89: 3AB, 3AG, 1/4" x 1-1/4" (Axial) | R89: 0.268" Dia x 1.291" L (6.81mm x 32.79mm) | S89: — | T89: Link | U89: fuses.csv | V89: OK
A90: BK-AHC-V-20-R | B90: Eaton - Electronics Division | C90: AHC | D90: FUSE 3AB AXIAL 500V 20A | E90: Cartridge, Ceramic | F90: Through Hole | G90: Fast Blow | H90: 20 | I90: 500 | K90: 20000 | L90: 20000 | M90: 20kA | O90: cURus | P90: -55°C ~ 125°C | Q90: 3AB, 3AG, 1/4" x 1-1/4" (Axial) | R90: 0.266" Dia x 1.292" L (6.76mm x 32.82mm) | S90: — | T90: Link | U90: fuses.csv | V90: OK
A91: BK-AHC-V2-20-R | B91: Eaton - Electronics Division | C91: AHC | D91: FUSE 3AB AXIAL 500V 20A | E91: Cartridge, Ceramic | F91: Through Hole | G91: Fast Blow | H91: 20 | I91: 500 | K91: 20000 | L91: 20000 | M91: 20kA | O91: cURus | P91: -55°C ~ 125°C | Q91: 3AB, 3AG, 1/4" x 1-1/4" (Axial) | R91: 0.266" Dia x 1.292" L (6.76mm x 32.82mm) | S91: — | T91: Link | U91: fuses.csv | V91: OK
A92: PF-63R50H20X | B92: Bourns Inc. | C92: PF-63R50H | D92: POWRFUSE AXIAL LEAD 500VAC/VDC 2 | E92: Cartridge, Ceramic | F92: Through Hole | G92: Fast Blow | H92: 20 | I92: 500 | J92: 500 | K92: 30000 | L92: 20000 | M92: 30kA AC, 20kA DC | N92: 150 | O92: cUL, cURus, TUV | P92: -40°C ~ 125°C | Q92: 3AB, 3AG, 1/4" x 1-1/4" (Axial) | R92: 0.268" Dia x 1.291" L (6.81mm x 32.79mm) | S92: — | T92: Link | U92: fuses.csv | V92: OK
A93: TR-AHC-V-20-R | B93: Eaton - Electronics Division | C93: AHC | D93: FUSE 3AB AXIAL 500V 20A | E93: Cartridge, Ceramic | F93: Through Hole | G93: Fast Blow | H93: 20 | I93: 500 | K93: 20000 | L93: 20000 | M93: 20kA | O93: cURus | P93: -55°C ~ 125°C | Q93: 3AB, 3AG, 1/4" x 1-1/4" (Axial) | R93: 0.266" Dia x 1.292" L (6.76mm x 32.82mm) | S93: — | T93: Link | U93: fuses.csv | V93: OK
A94: BK/AHC-V2-20-RS | B94: Eaton - Electronics Division | C94: AHC | D94: FUSE CERAMIC 20A 600VAC 3AB 3AG | E94: Cartridge, Ceramic | F94: Through Hole | G94: Fast Blow | H94: 20 | I94: 600 | K94: 10000 | L94: 10000 | M94: 10kA | O94: cURus | P94: -55°C ~ 125°C | Q94: 3AB, 3AG, 1/4" x 1-1/4" (Axial) | R94: 0.275" Dia x 1.288" L (6.99mm x 32.72mm) | S94: — | T94: Link | U94: fuses.csv | V94: OK
A95: 0505025.MXEP | B95: Littelfuse Inc. | C95: 505 | D95: FUSE CERM 25A 500VAC 500VDC 3AB | E95: Cartridge, Ceramic | F95: Through Hole | G95: Fast Blow | H95: 25 | I95: 500 | J95: 500 | K95: 30000 | L95: 20000 | M95: 30kA AC, 20kA DC | N95: 145 | O95: CE, cULus | P95: -55°C ~ 125°C | Q95: 3AB, 3AG, 1/4" x 1-1/4" (Axial) | R95: 0.275" Dia x 1.288" L (6.99mm x 32.72mm) | S95: — | T95: Link | U95: fuses.csv | V95: OK
A96: 0ADEP9250-RE | B96: Bel Fuse Inc. | C96: 0ADEP | D96: FUSE CERM 25A 500VAC 500VDC 3AB | E96: Cartridge, Ceramic | F96: Through Hole | G96: Fast Blow | H96: 25 | I96: 500 | J96: 500 | K96: 30000 | L96: 20000 | M96: 30kA AC, 20kA DC | N96: 200 | O96: cURus | P96: -50°C ~ 105°C | Q96: 3AB, 3AG, 1/4" x 1-1/4" (Axial) | R96: 0.268" Dia x 1.291" L (6.81mm x 32.79mm) | S96: — | T96: Link | U96: fuses.csv | V96: OK
A97: BK-ADC-V2-25-R | B97: Eaton - Electronics Division | C97: ADC | D97: FUSE CERM 25A 500VAC 500VDC 3AB | E97: Cartridge, Ceramic | F97: Through Hole | G97: Fast Blow | H97: 25 | I97: 500 | J97: 500 | K97: 30000 | L97: 20000 | M97: 30kA AC, 20kA DC | N97: 125 | O97: cURus, UL | P97: -50°C ~ 125°C | Q97: 3AB, 3AG, 1/4" x 1-1/4" (Axial) | R97: 0.268" Dia x 1.291" L (6.81mm x 32.79mm) | S97: — | T97: Link | U97: fuses.csv | V97: OK
A98: BK-AHC-V-25-R | B98: Eaton - Electronics Division | C98: AHC | D98: FUSE 3AB AXIAL 500V 25A | E98: Cartridge, Ceramic | F98: Through Hole | G98: Fast Blow | H98: 25 | I98: 500 | K98: 10000 | L98: 10000 | M98: 10kA | N98: 10 | O98: cURus | P98: -55°C ~ 125°C | Q98: 3AB, 3AG, 1/4" x 1-1/4" (Axial) | R98: 0.266" Dia x 1.292" L (6.76mm x 32.82mm) | S98: — | T98: Link | U98: fuses.csv | V98: OK
A99: BK-AHCA-V-2-5-R | B99: Eaton - Electronics Division | C99: AHCA | D99: AHCA 600V FUSE, 2.5A | E99: Cartridge, Ceramic | F99: Through Hole | G99: Fast Blow | H99: 25 | I99: 500 | K99: 20000 | L99: 20000 | M99: 20kA | O99: cURus | P99: -55°C ~ 125°C | Q99: 3AB, 3AG, 1/4" x 1-1/4" (Axial) | R99: 0.266" Dia x 1.292" L (6.76mm x 32.82mm) | S99: — | T99: Link | U99: fuses.csv | V99: CHECK
A100: PF-63R50H25X | B100: Bourns Inc. | C100: PF-63R50H | D100: POWRFUSE AXIAL LEAD 500VAC/VDC 2 | E100: Cartridge, Ceramic | F100: Through Hole | G100: Fast Blow | H100: 25 | I100: 500 | J100: 500 | K100: 30000 | L100: 20000 | M100: 30kA AC, 20kA DC | N100: 220 | O100: cUL, cURus, TUV | P100: -40°C ~ 125°C | Q100: 3AB, 3AG, 1/4" x 1-1/4" (Axial) | R100: 0.268" Dia x 1.291" L (6.81mm x 32.79mm) | S100: — | T100: Link | U100: fuses.csv | V100: OK
A101: BK-AHC-V2-25-R | B101: Eaton - Electronics Division | C101: AHC | D101: FUSE 3AB AXIAL 500V 25A | E101: Cartridge, Ceramic | F101: Through Hole | G101: Fast Blow | H101: 25 | I101: 600 | K101: 10000 | L101: 10000 | M101: 10kA | N101: 2 | O101: cURus | P101: -55°C ~ 125°C | Q101: 3AB, 3AG, 1/4" x 1-1/4" (Axial) | R101: 0.266" Dia x 1.292" L (6.76mm x 32.82mm) | S101: — | T101: Link | U101: fuses.csv | V101: OK
...

Sheet Summary
A1: Fuse Database — Summary
A2: All figures are live COUNTIF formulas against the Fuse Database sheet.
A4: Overview
A5: Total parts | B5: =COUNTA('Fuse Database'!A5:A119) -> 115
A6: Parts flagged for review (QC = CHECK) | B6: =COUNTIF('Fuse Database'!V5:V119,"CHECK") -> 3
A7: Distinct manufacturers | B7: 8 | C7: from source data
A9: Parts by Manufacturer | D9: Parts by Fuse Type | G9: Parts by Current Rating (A)
A10: Manufacturer | B10: Count | D10: Fuse Type | E10: Count | G10: Rating (A) | H10: Count
A11: Littelfuse Inc. | B11: =COUNTIF('Fuse Database'!B5:B119,A11) -> 30 | D11: Cartridge, Ceramic | E11: =COUNTIF('Fuse Database'!E5:E119,D11) -> 106 | G11: 5 | H11: =COUNTIF('Fuse Database'!H5:H119,G11) -> 10
A12: Eaton - Electronics Division | B12: =COUNTIF('Fuse Database'!B5:B119,A12) -> 55 | D12: Cartridge, Glass | E12: =COUNTIF('Fuse Database'!E5:E119,D12) -> 9 | G12: 6 | H12: =COUNTIF('Fuse Database'!H5:H119,G12) -> 7
A13: Bel Fuse Inc. | B13: =COUNTIF('Fuse Database'!B5:B119,A13) -> 12 | G13: 6.3 | H13: =COUNTIF('Fuse Database'!H5:H119,G13) -> 2
A14: Bourns Inc. | B14: =COUNTIF('Fuse Database'!B5:B119,A14) -> 9 | G14: 7 | H14: =COUNTIF('Fuse Database'!H5:H119,G14) -> 2
A15: Mersen USA Newburyport-MA L.L.C. | B15: =COUNTIF('Fuse Database'!B5:B119,A15) -> 3 | G15: 8 | H15: =COUNTIF('Fuse Database'!H5:H119,G15) -> 12
A16: SCHURTER Inc. | B16: =COUNTIF('Fuse Database'!B5:B119,A16) -> 3 | G16: 10 | H16: =COUNTIF('Fuse Database'!H5:H119,G16) -> 14
A17: Conquer | B17: =COUNTIF('Fuse Database'!B5:B119,A17) -> 2 | G17: 12 | H17: =COUNTIF('Fuse Database'!H5:H119,G17) -> 5
A18: Eaton - Bussmann Electrical Division | B18: =COUNTIF('Fuse Database'!B5:B119,A18) -> 1 | G18: 12.5 | H18: =COUNTIF('Fuse Database'!H5:H119,G18) -> 5
A19: Total | B19: =SUM(B11:B18) -> 115 | G19: 15 | H19: =COUNTIF('Fuse Database'!H5:H119,G19) -> 10
G20: 16 | H20: =COUNTIF('Fuse Database'!H5:H119,G20) -> 6
G21: 18 | H21: =COUNTIF('Fuse Database'!H5:H119,G21) -> 4
G22: 20 | H22: =COUNTIF('Fuse Database'!H5:H119,G22) -> 13
G23: 25 | H23: =COUNTIF('Fuse Database'!H5:H119,G23) -> 7
G24: 30 | H24: =COUNTIF('Fuse Database'!H5:H119,G24) -> 13
G25: 35 | H25: =COUNTIF('Fuse Database'!H5:H119,G25) -> 1
G26: 40 | H26: =COUNTIF('Fuse Database'!H5:H119,G26) -> 3
G27: 50 | H27: =COUNTIF('Fuse Database'!H5:H119,G27) -> 1
G28: Total | H28: =SUM(H11:H27) -> 115

Sheet Data Quality
A1: Data Quality Notes
A3: Cleaning applied to this database (vs. the original source):
A4: • The source "Current Rating (Amps)" column was corrupted by spreadsheet time-parsing (e.g. "5:00 AM" instead of "5 A"). The numeric current rating was recovered and is shown in the "Current Rating (A)" column.
A5: • ~30 helper/parse/scratch columns from the source were removed; numeric values were retained as clean typed columns.
A6: • Voltage, breaking capacity and melting I²t were normalised to numeric columns; empty "—" means the source listed no value.
A7: • No duplicate Mfr Part # values were present in the source.
A9: Parts flagged CHECK — rating field disagrees with description
A10: Mfr Part # | B10: Rating field (A) | C10: Description (A) | D10: Difference | E10: Description text
A11: BK-AHC-V2-6-R | B11: 6 | C11: 2.6 | D11: field ≠ description | E11: FUSE CERAMIC 2.6A 600VAC 3AB 3AG
A12: BK-AHCA-V-1-5-R | B12: 15 | C12: 1.5 | D12: field ≠ description | E12: AHCA 600V FUSE, 1.5A
A13: BK-AHCA-V-2-5-R | B13: 25 | C13: 2.5 | D13: field ≠ description | E13: AHCA 600V FUSE, 2.5A
A15: Recommendation: verify these three parts against their datasheets; the description value is likely correct (decimal ratings mis-read as integers).
